{"cameraMode":{"drawMode":0,"name":"Shaded","section":"Shading Mode"},"sceneLighting":true,"audioPlay":false,"sceneViewState":{"showFog":true,"showMaterialUpdate":false,"showSkybox":true,"showFlares":true,"showImageEffects":true,"showParticleSystems":true},"in2DMode":false,"pivot":{"x":1.3103023767471314,"y":1.086920976638794,"z":-0.30905699729919436},"rotation":{"x":-0.06513633579015732,"y":0.9282013177871704,"z":-0.19492940604686738,"w":-0.3101647198200226},"size":1.9917418956756592,"orthographic":false}