{"cameraMode":{"drawMode":0,"name":"Shaded","section":"Shading Mode"},"sceneLighting":false,"audioPlay":false,"sceneViewState":{"showFog":true,"showMaterialUpdate":false,"showSkybox":true,"showFlares":true,"showImageEffects":true,"showParticleSystems":true},"in2DMode":false,"pivot":{"x":-5.724796772003174,"y":-0.5108368396759033,"z":1.8275184631347657},"rotation":{"x":-0.0007524783140979707,"y":0.9949261546134949,"z":-0.10032811760902405,"w":-0.0074620917439460758},"size":22.0,"orthographic":false}